user_id,name,gender,mobile,date_of_birth,blood_group,city,pincode,role,insert_time
U100,Jivin Reddy,Male,+91 6964445588,1972-12-03,A-,Hyderabad,665519,Bridge Donor,2025-01-13 22:27:12
U101,Anya Sibal,Other,+91 8270743112,1971-10-03,A+,Pune,629526,Emergency Donor,2025-02-05 15:01:22
U102,Onkar Varty,Female,+91 7996408440,2000-07-21,A+,Kolkata,781351,Emergency Donor,2025-01-11 09:15:46
U103,Shlok Kadakia,Female,+91 6107069269,1989-09-12,O-,Delhi,758358,Bridge Donor,2025-05-13 15:03:29
U104,Romil Bose,Female,+91 8774141323,1978-12-21,AB-,Bengaluru,904448,Fighter,2025-06-17 15:45:51
U105,Inaaya  Char,Male,+91 6761659221,1985-11-16,AB+,Delhi,147117,Emergency Donor,2025-02-25 20:01:24
U106,Shayak Chacko,Male,+91 7622209477,1994-11-24,B+,Pune,719674,Fighter,2025-05-09 17:20:27
U107,Rania Chandra,Female,+91 9084524039,1984-06-15,O+,Ahmedabad,994251,Fighter,2025-03-18 15:03:52
U108,Kabir Jhaveri,Female,+91 9056885554,1978-08-19,O+,Mumbai,291750,Emergency Donor,2025-01-05 14:49:26
U109,Krish Dara,Female,+91 8059176588,2000-08-10,AB-,Bengaluru,261195,Bridge Donor,2025-01-03 03:00:56
U110,Keya Madan,Male,+91 9380210081,1974-09-02,B+,Hyderabad,453655,Emergency Donor,2025-04-17 19:58:46
U111,Ishita Mani,Female,+91 8034834766,1981-05-13,A+,Ahmedabad,776900,Fighter,2025-05-14 15:36:36
U112,Rohan Tripathi,Male,+91 8163638840,2003-09-21,A-,Ahmedabad,409378,Emergency Donor,2025-07-07 11:49:51
U113,Vritika Dayal,Female,+91 9270292398,1976-11-09,AB-,Mumbai,276114,Emergency Donor,2025-08-09 17:50:19
U114,Ela Kannan,Male,+91 8226008296,1992-10-13,A-,Delhi,607796,Fighter,2025-05-14 22:44:44
U115,Kabir Acharya,Female,+91 7928577459,1994-05-04,B-,Pune,169938,Bridge Donor,2025-02-03 02:09:25
U116,Jayant Wagle,Male,+91 7598939714,1996-05-27,B-,Hyderabad,273922,Emergency Donor,2025-07-04 10:55:54
U117,Elakshi Roy,Other,+91 6470462508,1995-06-02,B+,Pune,175089,Emergency Donor,2025-03-05 02:10:43
U118,Divyansh Lad,Female,+91 7939102906,2001-08-25,AB+,Ahmedabad,847490,Fighter,2025-06-24 04:02:44
U119,Tanya Dalal,Other,+91 6971933239,2001-07-18,B+,Ahmedabad,183646,Emergency Donor,2025-08-08 00:45:43
U120,Anaya Sachdev,Other,+91 6569060963,2003-03-26,B+,Mumbai,691214,Bridge Donor,2025-05-15 03:00:17
U121,Mannat Agrawal,Female,+91 7210316239,1995-07-17,B-,Pune,748828,Fighter,2025-04-05 06:04:37
U122,Shanaya Kibe,Other,+91 9990877948,1984-12-10,B-,Delhi,875707,Bridge Donor,2025-01-12 12:44:14
U123,Shamik Gopal,Other,+91 7463323192,1982-08-12,A+,Pune,290372,Fighter,2025-06-09 04:49:59
U124,Trisha Kade,Other,+91 9799775058,1969-07-26,O-,Kolkata,125371,Emergency Donor,2025-05-28 04:53:54
U125,Aarav Dass,Male,+91 6067852893,2006-04-22,A-,Chennai,720758,Bridge Donor,2025-03-28 01:39:16
U126,Yasmin Butala,Male,+91 9281419451,1969-03-11,O+,Kolkata,881130,Emergency Donor,2025-01-21 20:24:41
U127,Vardaniya Varughese,Female,+91 8678440400,2007-07-05,O-,Kolkata,120328,Fighter,2025-02-12 23:13:08
U128,Navya Varma,Male,+91 6545605330,1976-01-30,O+,Hyderabad,152742,Emergency Donor,2025-03-22 22:24:33
U129,Ira Soni,Female,+91 9497731456,1995-10-14,A+,Mumbai,558103,Fighter,2025-06-07 02:48:25
U130,Neelofar Sur,Other,+91 7231199552,1992-01-02,O-,Ahmedabad,950598,Bridge Donor,2025-03-18 02:05:17
U131,Elakshi Kumer,Other,+91 8334389495,1971-10-12,B-,Mumbai,409123,Emergency Donor,2025-05-08 13:12:08
U132,Fateh Keer,Other,+91 7217131505,1994-04-21,A+,Ahmedabad,558836,Bridge Donor,2025-07-20 16:15:27
U133,Parinaaz Sodhi,Female,+91 9080622012,2001-07-30,A-,Kolkata,566663,Fighter,2025-05-26 00:30:53
U134,Nitara Bath,Other,+91 8753813210,1998-04-27,AB-,Pune,931501,Emergency Donor,2025-02-16 01:17:39
U135,Anahi Edwin,Female,+91 7893690480,1978-07-07,O+,Bengaluru,631962,Fighter,2025-08-10 06:36:16
U136,Vihaan Bajwa,Female,+91 9849969772,1966-06-02,O+,Kolkata,894356,Fighter,2025-07-05 17:26:53
U137,Vidur Dugar,Other,+91 6775231178,1977-12-09,A+,Pune,784686,Bridge Donor,2025-02-05 14:13:22
U138,Emir Zacharia,Male,+91 6648289041,1987-09-18,O+,Mumbai,813354,Emergency Donor,2025-06-15 03:20:17
U139,Yuvraj  Baral,Other,+91 9926600839,1980-07-29,A-,Kolkata,824402,Emergency Donor,2025-07-28 17:20:13
U140,Indrajit Saini,Male,+91 7238722382,1974-09-02,B+,Pune,139341,Fighter,2025-07-13 23:15:05
U141,Lakshit Issac,Male,+91 9669242453,2006-05-11,B-,Ahmedabad,949183,Fighter,2025-08-03 13:34:03
U142,Emir Gera,Male,+91 9566911654,1974-12-07,B-,Chennai,522351,Bridge Donor,2025-02-06 00:49:31
U143,Miraan Sachar,Female,+91 6811732254,2005-11-22,O+,Chennai,383062,Fighter,2025-03-30 23:40:08
U144,Samaira Dhawan,Male,+91 8404564787,1977-10-07,A+,Kolkata,126056,Emergency Donor,2025-05-17 01:23:20
U145,Hridaan Savant,Female,+91 6388406350,2003-02-28,O-,Hyderabad,448745,Emergency Donor,2025-06-30 11:44:08
U146,Riaan Khare,Other,+91 8067021443,1992-05-29,A+,Mumbai,438368,Bridge Donor,2025-03-30 20:16:44
U147,Sumer Chacko,Other,+91 9886598840,1983-08-12,A+,Delhi,159014,Emergency Donor,2025-07-10 04:13:31
U148,Saksham Sampath,Other,+91 9861507343,1965-03-09,B+,Delhi,562765,Fighter,2025-03-19 12:42:21
U149,Sumer Jani,Female,+91 7045303894,2003-01-08,B-,Kolkata,498675,Fighter,2025-06-06 07:23:54
U150,Anya Master,Female,+91 8573092444,1967-06-27,A-,Chennai,139394,Bridge Donor,2025-07-23 20:17:51
U151,Shayak Sankaran,Other,+91 7805832252,1987-09-14,B+,Delhi,121296,Fighter,2025-07-22 18:26:17
U152,Zoya Shukla,Male,+91 6097761949,1978-09-09,A-,Hyderabad,524385,Fighter,2025-08-01 09:43:15
U153,Neysa Bajaj,Female,+91 8580734938,1981-07-23,O+,Delhi,566744,Bridge Donor,2025-04-20 22:54:24
U154,Ishita Krish,Male,+91 8689805129,1971-04-04,O+,Chennai,677926,Bridge Donor,2025-03-28 05:08:52
U155,Kaira Bhatnagar,Male,+91 6786744214,2001-10-28,B+,Kolkata,203506,Emergency Donor,2025-03-19 12:57:09
U156,Priyansh Borde,Other,+91 7052861957,2007-05-25,AB-,Chennai,989685,Fighter,2025-04-21 06:38:11
U157,Drishya Verma,Other,+91 8825591349,1993-05-27,AB+,Kolkata,801233,Emergency Donor,2025-04-17 06:12:03
U158,Saksham Khalsa,Male,+91 7810551098,2003-11-07,A-,Mumbai,942112,Fighter,2025-05-21 10:42:56
U159,Hiran Sani,Male,+91 7772633212,2005-10-03,A-,Pune,200915,Fighter,2025-04-27 03:31:16
U160,Aayush Gokhale,Male,+91 7530505241,2001-05-14,O+,Hyderabad,495804,Bridge Donor,2025-03-11 09:22:11
U161,Anika Sarkar,Male,+91 8885978293,1993-07-24,B-,Delhi,423668,Fighter,2025-05-29 17:26:28
U162,Hrishita Devi,Female,+91 8534303447,1980-04-30,O-,Mumbai,465486,Emergency Donor,2025-01-14 22:17:13
U163,Mamooty Rattan,Female,+91 6797157023,2001-06-02,B-,Mumbai,614570,Bridge Donor,2025-07-11 21:02:36
U164,Saira Gour,Other,+91 9685623482,1970-12-19,AB+,Kolkata,228767,Emergency Donor,2025-01-04 14:33:21
U165,Saanvi Tiwari,Male,+91 6623975750,2003-02-26,A+,Chennai,813925,Emergency Donor,2025-07-29 13:58:08
U166,Veer Bhat,Other,+91 9586537647,1965-10-01,B+,Delhi,772696,Emergency Donor,2025-07-17 21:17:01
U167,Biju Aggarwal,Female,+91 8427628496,1970-11-09,O-,Ahmedabad,673015,Bridge Donor,2025-06-20 07:47:56
U168,Jivin Upadhyay,Male,+91 8690533083,1988-08-27,AB+,Chennai,258519,Emergency Donor,2025-03-19 00:25:40
U169,Veer Kala,Male,+91 7236749084,1974-05-08,AB-,Mumbai,541479,Bridge Donor,2025-08-05 16:40:57
U170,Dhruv Hari,Female,+91 9932990803,1985-03-01,O+,Hyderabad,148506,Fighter,2025-03-28 12:31:02
U171,Lagan Edwin,Female,+91 8697523973,2005-11-27,B+,Ahmedabad,764641,Emergency Donor,2025-02-07 18:03:31
U172,Pari Krishna,Other,+91 7491733270,1977-08-31,A-,Ahmedabad,858320,Fighter,2025-04-14 17:10:01
U173,Ritvik Verma,Female,+91 9263375013,1972-06-28,B+,Pune,355487,Emergency Donor,2025-05-04 10:20:47
U174,Jivika Sani,Other,+91 6863030920,1974-02-27,B+,Bengaluru,301837,Bridge Donor,2025-06-15 14:33:19
U175,Rania Barman,Female,+91 7110744976,1978-11-13,O-,Delhi,504392,Emergency Donor,2025-01-02 20:56:56
U176,Divij Majumdar,Other,+91 8529974465,1992-09-12,A+,Bengaluru,837299,Fighter,2025-01-28 12:58:23
U177,Nayantara Gupta,Female,+91 9643817370,1995-04-15,A-,Mumbai,595540,Fighter,2025-03-22 16:34:54
U178,Nitara Dhawan,Female,+91 8152751832,1994-02-01,AB-,Delhi,898226,Fighter,2025-08-08 11:15:48
U179,Dhruv Borra,Other,+91 7732605189,1984-05-14,B-,Hyderabad,528444,Fighter,2025-01-10 10:38:35
U180,Chirag Kohli,Male,+91 6373923116,1965-08-01,AB-,Delhi,910882,Fighter,2025-02-04 20:25:11
U181,Ryan Thaman,Female,+91 8602078947,1989-12-16,O+,Pune,282698,Emergency Donor,2025-04-06 19:46:01
U182,Aarush Krishnamurthy,Male,+91 7520087682,1984-07-25,B+,Mumbai,358523,Emergency Donor,2025-03-07 08:27:11
U183,Anaya Shere,Other,+91 9816886260,1964-10-13,B-,Bengaluru,995006,Emergency Donor,2025-01-10 23:51:01
U184,Khushi Chaudhari,Female,+91 7853705696,1994-12-14,A-,Pune,879872,Bridge Donor,2025-05-14 21:07:56
U185,Romil Sama,Female,+91 8029067178,1974-03-30,A+,Ahmedabad,399066,Emergency Donor,2025-05-16 19:17:50
U186,Samarth Upadhyay,Other,+91 6437293503,1989-03-11,B-,Chennai,458912,Fighter,2025-04-07 15:43:19
U187,Keya Chokshi,Male,+91 8564240830,1998-05-29,O+,Kolkata,300003,Fighter,2025-05-18 21:51:31
U188,Mohanlal Sarna,Male,+91 9109485801,1974-12-29,A-,Kolkata,380169,Fighter,2025-05-31 10:13:19
U189,Ehsaan Srinivasan,Female,+91 9279604507,1971-08-24,O+,Mumbai,708037,Fighter,2025-07-14 16:45:24
U190,Vardaniya Tella,Other,+91 8920966385,1989-12-17,AB+,Pune,369831,Emergency Donor,2025-03-31 12:59:15
U191,Eshani Dutta,Other,+91 6074871756,1992-12-30,AB+,Bengaluru,693654,Fighter,2025-04-14 01:42:15
U192,Shaan Dhar,Male,+91 8803512096,1975-05-30,B-,Hyderabad,212937,Fighter,2025-06-12 06:29:00
U193,Ivana Tella,Male,+91 7251534828,1973-02-06,A+,Bengaluru,705126,Emergency Donor,2025-05-01 08:15:30
U194,Neelofar Kapur,Other,+91 8764153279,1997-02-04,AB+,Bengaluru,645178,Emergency Donor,2025-04-10 07:39:37
U195,Himmat Yogi,Other,+91 9439208856,1969-08-30,O+,Kolkata,306921,Bridge Donor,2025-06-05 09:04:46
U196,Hunar Dua,Other,+91 7763820458,2003-12-22,B+,Mumbai,638760,Fighter,2025-04-30 13:46:12
U197,Himmat Kari,Other,+91 8548633035,1999-11-03,A+,Mumbai,723854,Bridge Donor,2025-05-12 02:15:16
U198,Hazel Kara,Other,+91 9161154791,1967-11-01,B-,Pune,207046,Fighter,2025-02-03 01:18:06
U199,Aaina Malhotra,Female,+91 8021453131,1996-10-16,O-,Kolkata,265971,Fighter,2025-06-28 04:00:08
U200,Jiya Master,Female,+91 6547134937,1966-09-25,A-,Kolkata,254170,Fighter,2025-02-19 23:30:08
U201,Shray Subramanian,Female,+91 7456756462,1994-10-20,O-,Hyderabad,565111,Bridge Donor,2025-06-19 19:46:49
U202,Yashvi Bhagat,Other,+91 9204930846,1986-03-31,AB+,Hyderabad,341176,Fighter,2025-04-29 03:46:21
U203,Anvi Seshadri,Other,+91 8875731953,1969-01-18,A-,Ahmedabad,547782,Bridge Donor,2025-05-04 09:07:44
U204,Samiha Bhasin,Male,+91 6134307958,1984-01-29,A+,Ahmedabad,578715,Fighter,2025-08-03 06:19:04
U205,Tarini Bala,Other,+91 8475230587,1972-03-31,O+,Delhi,124936,Emergency Donor,2025-05-30 06:09:15
U206,Yashvi Dutt,Male,+91 9042048679,1977-10-28,O+,Kolkata,679562,Bridge Donor,2025-04-27 04:08:39
U207,Chirag Chahal,Other,+91 8776203181,2003-01-03,B+,Ahmedabad,521216,Fighter,2025-05-28 22:19:32
U208,Mohanlal Soman,Other,+91 6004395461,1973-11-07,AB-,Bengaluru,563264,Emergency Donor,2025-01-21 20:12:17
U209,Pranay Ben,Other,+91 6790526325,1989-04-24,A+,Mumbai,958600,Emergency Donor,2025-08-12 00:13:41
U210,Taran Cheema,Other,+91 9683728272,1992-11-17,AB+,Pune,668683,Emergency Donor,2025-07-28 12:28:27
U211,Advik Batta,Male,+91 9458570591,1965-04-18,B+,Delhi,628225,Fighter,2025-03-20 13:31:04
U212,Ranbir Gandhi,Female,+91 6913898627,1996-04-05,AB+,Pune,291086,Bridge Donor,2025-07-08 13:56:49
U213,Taran Lad,Other,+91 6736353045,2001-04-24,A-,Chennai,455564,Emergency Donor,2025-02-12 02:53:45
U214,Kaira Golla,Other,+91 7793896658,1991-10-09,A+,Hyderabad,610300,Fighter,2025-03-25 08:22:31
U215,Madhav Borde,Female,+91 6676495278,1979-08-09,A+,Kolkata,450043,Fighter,2025-07-28 04:41:15
U216,Charvi Kohli,Female,+91 6308243295,1983-03-26,B-,Mumbai,569115,Fighter,2025-07-20 04:59:12
U217,Samarth Sane,Male,+91 6213709126,1967-10-31,B+,Kolkata,969714,Bridge Donor,2025-04-11 20:59:57
U218,Riaan Lalla,Female,+91 8400057488,1996-08-11,AB-,Mumbai,895852,Emergency Donor,2025-07-27 11:31:53
U219,Rohan Krishnamurthy,Female,+91 8501146126,1990-04-21,B-,Ahmedabad,492206,Emergency Donor,2025-08-10 19:19:49
U220,Tejas Shroff,Male,+91 8109105734,1993-06-28,B+,Hyderabad,757246,Fighter,2025-01-16 18:33:13
U221,Madhup Batra,Male,+91 9873518315,1965-05-22,B-,Chennai,913405,Bridge Donor,2025-05-07 00:17:40
U222,Veer Swamy,Other,+91 6996767666,1977-11-29,B+,Mumbai,471785,Fighter,2025-04-05 09:35:31
U223,Nitya Dube,Female,+91 7857971972,1981-12-05,A-,Hyderabad,929022,Emergency Donor,2025-03-12 02:01:34
U224,Raunak Handa,Other,+91 7267385428,1968-12-06,B+,Pune,387943,Emergency Donor,2025-04-25 06:47:09
U225,Kiaan Rout,Male,+91 8884962556,2006-06-07,O+,Hyderabad,797062,Bridge Donor,2025-06-27 07:03:14
U226,Tushar Kakar,Female,+91 9681170841,1977-02-16,AB-,Kolkata,668187,Fighter,2025-04-13 03:47:39
U227,Ryan Raval,Male,+91 7561585446,1975-03-11,O+,Chennai,419122,Emergency Donor,2025-08-09 17:50:19
U228,Samaira Sunder,Female,+91 9378801469,1981-01-28,B-,Delhi,257037,Fighter,2025-03-12 20:27:32
U229,Samiha Sandal,Other,+91 6449293136,2007-01-16,B-,Bengaluru,922195,Bridge Donor,2025-06-04 19:15:37
U230,Urvi Lall,Male,+91 8345171886,1964-08-22,B+,Pune,178213,Fighter,2025-05-13 23:09:02
U231,Raunak Dass,Female,+91 9464405296,2005-04-05,B-,Chennai,435300,Bridge Donor,2025-05-17 04:22:45
U232,Saanvi Biswas,Other,+91 7391105720,2004-08-19,O-,Delhi,294832,Emergency Donor,2025-05-16 15:27:25
U233,Veer Krishna,Other,+91 9660588894,1968-09-10,AB+,Kolkata,222219,Fighter,2025-01-28 14:46:46
U234,Kiara Ganesan,Male,+91 8073077604,2005-03-18,O-,Delhi,130766,Bridge Donor,2025-06-04 19:43:33
U235,Priyansh Brar,Other,+91 8123970270,2000-03-08,O-,Delhi,468421,Emergency Donor,2025-04-18 02:52:20
U236,Raghav Chahal,Other,+91 9441000992,1997-12-08,A-,Kolkata,940688,Fighter,2025-07-17 06:15:43
U237,Ira Lalla,Other,+91 8042707051,2006-04-08,O-,Kolkata,228713,Emergency Donor,2025-07-03 04:07:51
U238,Adah Upadhyay,Female,+91 9943827549,1983-02-21,B-,Hyderabad,664136,Emergency Donor,2025-02-01 06:37:45
U239,Tejas Mall,Male,+91 8427763547,2004-06-07,B+,Bengaluru,826471,Bridge Donor,2025-02-17 19:31:13
U240,Azad Ganguly,Other,+91 8870898448,1979-05-24,A+,Bengaluru,818038,Bridge Donor,2025-05-20 14:00:16
U241,Azad Dhingra,Male,+91 7031229206,1991-03-13,O+,Mumbai,420069,Fighter,2025-02-19 18:21:38
U242,Anahita Yohannan,Other,+91 7661186544,2005-03-24,A-,Hyderabad,887697,Bridge Donor,2025-01-31 02:46:48
U243,Abram Agarwal,Male,+91 7396562152,1994-05-01,O+,Chennai,982817,Fighter,2025-04-13 12:09:47
U244,Kimaya Vaidya,Female,+91 9508217881,1969-10-09,AB-,Mumbai,291772,Fighter,2025-05-24 23:33:43
U245,Lakshit Chatterjee,Female,+91 9460927957,2002-02-01,O-,Ahmedabad,992977,Emergency Donor,2025-04-05 22:04:41
U246,Kashvi Dayal,Other,+91 8905622576,1988-09-14,B-,Mumbai,671168,Fighter,2025-06-12 23:41:09
U247,Zain Sethi,Male,+91 8931370213,2003-06-24,B-,Pune,703394,Fighter,2025-05-05 04:36:55
U248,Ivana Bansal,Male,+91 7285223787,1969-11-13,B-,Chennai,435486,Fighter,2025-07-05 02:34:23
U249,Sahil Chand,Female,+91 9711158146,2006-09-16,A+,Chennai,306517,Emergency Donor,2025-03-28 08:20:04
U250,Emir Saxena,Female,+91 8150512651,1983-09-07,O-,Mumbai,554216,Fighter,2025-01-25 08:08:58
U251,Farhan Dutta,Female,+91 7891707620,2000-12-05,B-,Pune,798119,Emergency Donor,2025-08-01 23:35:54
U252,Tarini Chaudhari,Other,+91 8902080298,2002-04-24,O-,Mumbai,664233,Emergency Donor,2025-04-20 00:48:38
U253,Rohan Sen,Male,+91 8295369742,2006-07-27,B+,Bengaluru,613821,Emergency Donor,2025-02-22 10:25:38
U254,Tejas Rao,Male,+91 7858325793,2005-02-07,AB+,Kolkata,577454,Bridge Donor,2025-07-22 14:57:27
U255,Ishaan Bawa,Female,+91 9314099401,2004-09-15,B-,Hyderabad,627536,Fighter,2025-03-10 18:27:28
U256,Veer Saxena,Male,+91 9694387485,1970-03-21,AB-,Delhi,721109,Emergency Donor,2025-05-06 17:07:43
U257,Tiya Sarkar,Male,+91 7870500322,1970-12-17,A+,Hyderabad,363887,Fighter,2025-01-10 10:53:40
U258,Tarini Mahajan,Male,+91 6995241035,1999-05-25,AB+,Delhi,675128,Fighter,2025-06-29 12:43:26
U259,Jayesh Keer,Male,+91 7304390175,1983-07-01,A+,Delhi,156848,Emergency Donor,2025-03-17 06:16:43
U260,Ojas Kumar,Male,+91 8120671640,2003-08-28,A-,Ahmedabad,639680,Fighter,2025-01-20 00:47:35
U261,Kaira Kannan,Other,+91 9957361113,1992-09-19,A+,Pune,508629,Emergency Donor,2025-03-28 14:57:29
U262,Aarna Bir,Other,+91 7799083010,1993-09-29,A-,Hyderabad,731935,Fighter,2025-01-17 01:39:25
U263,Yasmin Sen,Female,+91 7491958608,1999-01-12,O-,Hyderabad,640453,Emergency Donor,2025-07-11 23:27:54
U264,Madhav Sachar,Other,+91 8490552458,1996-05-02,B-,Hyderabad,186454,Fighter,2025-05-29 07:57:47
U265,Jayan Ganesan,Male,+91 6346876843,1974-11-14,B-,Mumbai,611717,Fighter,2025-03-15 07:21:52
U266,Zeeshan Gulati,Female,+91 6688585632,1982-07-06,AB-,Hyderabad,401364,Fighter,2025-04-10 02:29:33
U267,Kartik Sabharwal,Female,+91 9207903546,1985-02-19,A+,Pune,963803,Emergency Donor,2025-06-22 23:27:41
U268,Keya Sarin,Female,+91 8407607892,1998-06-21,B-,Bengaluru,693421,Emergency Donor,2025-08-10 04:38:22
U269,Oorja Tak,Female,+91 9941398182,1976-04-13,AB-,Mumbai,223681,Bridge Donor,2025-07-19 17:32:34
U270,Raghav Bhat,Male,+91 9028541800,1971-04-16,A-,Ahmedabad,816438,Fighter,2025-04-25 01:40:32
U271,Purab Acharya,Female,+91 8946107844,1985-07-31,A-,Mumbai,668949,Bridge Donor,2025-07-08 03:47:06
U272,Tarini Soman,Female,+91 9280421672,1969-08-26,A-,Pune,508047,Emergency Donor,2025-01-31 19:16:48
U273,Indrans Bhatti,Other,+91 6073218565,1989-12-24,A-,Ahmedabad,685553,Emergency Donor,2025-07-15 22:21:52
U274,Ishaan Sami,Male,+91 9017077559,1972-08-25,B-,Ahmedabad,898153,Emergency Donor,2025-03-20 14:39:14
U275,Pihu Basu,Male,+91 7905864815,1965-05-29,A-,Delhi,507940,Bridge Donor,2025-08-04 04:46:07
U276,Mamooty Kapur,Male,+91 9690122761,1970-10-10,AB+,Hyderabad,534738,Bridge Donor,2025-07-05 10:54:22
U277,Yasmin Ravi,Female,+91 8396399603,1987-08-12,O-,Mumbai,877891,Bridge Donor,2025-04-18 01:35:07
U278,Onkar Das,Female,+91 6248918019,1969-07-23,AB+,Hyderabad,779895,Emergency Donor,2025-04-15 12:34:31
U279,Kiara Guha,Female,+91 8188857907,2001-06-01,AB-,Mumbai,979183,Emergency Donor,2025-03-30 22:18:14
U280,Arnav Sachar,Female,+91 6767703790,1994-09-11,O-,Ahmedabad,187346,Bridge Donor,2025-05-18 09:29:16
U281,Gatik Dave,Other,+91 8069125322,1987-12-03,B+,Delhi,666249,Fighter,2025-07-27 10:43:18
U282,Kabir Bhatt,Female,+91 8833937749,1980-02-27,AB-,Kolkata,919796,Bridge Donor,2025-04-19 12:53:44
U283,Indranil Rana,Female,+91 6647918768,2005-10-31,AB+,Mumbai,674582,Emergency Donor,2025-02-10 10:00:23
U284,Hazel Taneja,Female,+91 9002088737,1991-05-05,O-,Mumbai,994113,Fighter,2025-04-21 17:55:10
U285,Anvi Deshpande,Female,+91 6626441037,1995-10-28,O+,Pune,915430,Emergency Donor,2025-07-02 07:47:34
U286,Mahika Sampath,Male,+91 8447320374,1973-11-06,A+,Pune,537591,Fighter,2025-01-25 05:08:37
U287,Rati Varughese,Other,+91 9540581199,1994-06-04,O+,Ahmedabad,483132,Fighter,2025-05-30 03:03:09
U288,Manikya Ghose,Female,+91 9371444215,1982-03-20,A-,Hyderabad,521027,Emergency Donor,2025-04-06 02:47:53
U289,Pihu Khalsa,Other,+91 7918861199,1969-10-21,AB+,Mumbai,641147,Emergency Donor,2025-02-22 11:48:52
U290,Zaina Varma,Male,+91 8162361997,1990-03-31,AB-,Ahmedabad,630001,Fighter,2025-04-23 16:33:59
U291,Chirag Desai,Female,+91 6382235178,1985-03-27,A+,Pune,603936,Fighter,2025-02-04 06:01:18
U292,Mehul Buch,Female,+91 8897935293,1999-07-02,B-,Pune,527432,Fighter,2025-03-14 18:53:21
U293,Riaan Shan,Other,+91 7359077771,1995-03-08,O+,Mumbai,926602,Emergency Donor,2025-07-13 06:34:45
U294,Ritvik Acharya,Male,+91 7313231683,1993-07-09,AB-,Kolkata,508579,Emergency Donor,2025-01-30 07:43:08
U295,Advika Jhaveri,Other,+91 9015809348,1996-09-14,O-,Pune,503046,Bridge Donor,2025-03-20 19:23:50
U296,Nayantara Batta,Male,+91 7708983581,1987-12-06,O-,Pune,797293,Bridge Donor,2025-07-09 19:14:05
U297,Ojas Gala,Male,+91 9132881540,1973-09-15,O+,Chennai,371874,Bridge Donor,2025-07-12 08:27:43
U298,Bhamini Aggarwal,Male,+91 6087210898,2003-12-20,A+,Chennai,528704,Bridge Donor,2025-02-22 07:08:05
U299,Anahi Karnik,Other,+91 9516312488,1972-01-07,B+,Mumbai,283760,Bridge Donor,2025-05-27 02:14:05